{"eval/loss": 1.186007022857666, "eval/accuracy": 0.508, "eval/runtime": 3.9674, "eval/samples_per_second": 252.057, "eval/steps_per_second": 3.529, "train/epoch": 3.0, "train/global_step": 42, "_timestamp": 1692530285.8340123, "_runtime": 64.78252124786377, "_step": 3, "train/train_runtime": 66.2593, "train/train_samples_per_second": 45.277, "train/train_steps_per_second": 0.634, "train/total_flos": 789354427392000.0, "train/train_loss": 1.4039320264543806, "_wandb": {"runtime": 64}}